"DESCRIPTION","DURATION IN MS","NAME","PARENT SUITE","START TIME","STATUS","STOP TIME","SUB SUITE","SUITE","TEST CLASS","TEST METHOD"
"","112","should fire show_pdp_wlwAppBanner on app scene banner impression","Analytics: PDP Desktop (GA3)","2026-09-10","passed","2026-09-10","","company products, widgets & chrome","",""
"","269","should fire click_pdp_infoSection_showContactForm and show_contactForm on contact click","Analytics: PDP Desktop (GA3)","2026-09-10","passed","2026-09-10","","info section & gallery","",""
"","1621","validates login_click_social on Apple button click","Analytics: Sign In / Sign Up (GA4)","2026-09-10","passed","2026-09-10","","social login","",""
"","2427","validates page_view on supplier registration landing page","Analytics: Supplier Registration (GA4)","2026-09-10","passed","2026-09-10","","page_view","",""
"","8484","should validate GA3 pageView","Analytics: PDP Desktop (GA3)","2026-09-10","passed","2026-09-10","","page_view","",""
"","11837","should mint the funnel transaction_id at the submit click and pass it through purchase → success redirect → show_success_page_view","Analytics: Direct Request / QDR (GA3)","2026-09-10","passed","2026-09-10","","message_send_flow","",""
"","254","should fire recommended_products_direct_request_click + show_contactForm on product contact click","Analytics: CPP Desktop (GA3)","2026-09-10","passed","2026-09-10","","profile & products","",""
"","145","should fire click_pdp_viewAllProductsButton on view-all link click","Analytics: PDP Mobile (GA3)","2026-09-10","passed","2026-09-10","","modules & chrome","",""
"","4455","should fire click_pdp_infoSection_showContactForm on info contact button click","Analytics: PDP Mobile (GA3)","2026-09-10","passed","2026-09-10","","modules & chrome","",""
"","1389","should fire show_pdp_productCard_contactFormButton on company-product card contact impression","Analytics: PDP Desktop (GA3)","2026-09-10","passed","2026-09-10","","company products, widgets & chrome","",""
"","17","should fire recommended_products_show on recommended/trending widget impression","Analytics: CPP Desktop (GA3)","2026-09-10","passed","2026-09-10","","profile & products","",""
"","16504","product card:: should fire show_contactForm → click_contact_page_message_send → messageTransaction_sent → show_directRequest_successPopup through the PDP other-company product card federated widget","Analytics: PDP – Direct Request Widget / QDR modal (GA3)","2026-09-10","passed","2026-09-10","","","",""
"","240","should fire company_details_items_show for location/info detail CTAs","Analytics: CPP Desktop (GA3)","2026-09-10","passed","2026-09-10","","profile & products","",""
"","20767","should fire show_contactForm → click_contact_page_message_send → messageTransaction_sent → show_directRequest_successPopup through the CPP sticky panel federated widget","Analytics: CPP – Direct Request Widget / QDR modal (GA3)","2026-09-10","passed","2026-09-10","","","",""
"","74","should fire recommended_products_show on you-may-like impression","Analytics: CPP Mobile (GA3)","2026-09-10","passed","2026-09-10","","modules & product list","",""
"","79","should fire show_pdp_similarProductsWidget on similar product card impression","Analytics: PDP Desktop (GA3)","2026-09-10","passed","2026-09-10","","company products, widgets & chrome","",""
"","929","should fire show_pdp_module_product_overview on overview section impression","Analytics: PDP Mobile (GA3)","2026-09-10","passed","2026-09-10","","modules & chrome","",""
"","228","should fire click_pdp_companyInfo_companyName on company name click","Analytics: PDP Desktop (GA3)","2026-09-10","passed","2026-09-10","","info section & gallery","",""
"","727","should fire mobile_company_modules_show on company card impression","Analytics: CPP Mobile (GA3)","2026-09-10","passed","2026-09-10","","modules & product list","",""
"","5327","should validate GA3 pageView on supplier registration landing page","Analytics: Supplier Onboarding (GA3)","2026-09-10","passed","2026-09-10","","Supplier registration landing UV (supplier_registration_landingpage)","",""
"","253","should fire click_contactForm_close when contact modal is closed","Analytics: CPP Desktop (GA3)","2026-09-10","passed","2026-09-10","","profile & products","",""
"","257","should fire show_pdp_keywordsSection on keywords section impression","Analytics: PDP Desktop (GA3)","2026-09-10","passed","2026-09-10","","company products, widgets & chrome","",""
"","482","should fire click_pdp_productCard_imageSwipe when product-card image changes","Analytics: PDP Mobile (GA3)","2026-09-10","passed","2026-09-10","","modules & chrome","",""
"","233","should fire company_card_click on company name click","Analytics: Company Search (GA3)","2026-09-10","passed","2026-09-10","","company card tracking","",""
"","642","should fire show_pdp_infoSection_contactFormButton on contact button impression","Analytics: PDP Desktop (GA3)","2026-09-10","passed","2026-09-10","","info section & gallery","",""
"","194","should fire hitArea tracking when PriceAction empty area is clicked (bubbling)","Analytics: Product Search (GA3)","2026-09-10","passed","2026-09-10","","product card tracking","",""
"","5040","should validate GA3 pageView","Analytics: Product Search (GA3)","2026-09-10","passed","2026-09-10","","page_view","",""
"","151","should fire company_card_click on company logo click","Analytics: Company Search (GA3)","2026-09-10","passed","2026-09-10","","company card tracking","",""
"","147","should fire show_cpp_productCard_contactFormButton on trending card contact impression","Analytics: PDP Desktop (GA3)","2026-09-10","passed","2026-09-10","","company products, widgets & chrome","",""
"","135","should fire badge_hover on verified badge hover","Analytics: CPP Desktop (GA3)","2026-09-10","passed","2026-09-10","","profile & products","",""
"","76","should fire show_cpp_productCard_contactFormButton on mobile product contact","Analytics: CPP Mobile (GA3)","2026-09-10","passed","2026-09-10","","modules & product list","",""
"","1584","validates login_click_social on Alibaba button click","Analytics: Sign In / Sign Up (GA4)","2026-09-10","passed","2026-09-10","","social login","",""
"","226","should fire show_pdp_stickyPanel_contactFormButton on sticky panel contact impression","Analytics: PDP Mobile (GA3)","2026-09-10","passed","2026-09-10","","modules & chrome","",""
"","1975","should fire show_productSerp_productCard on card impression","Analytics: Product Search (GA3)","2026-09-10","passed","2026-09-10","","product card tracking","",""
"","262","should fire click_pdp_productCard when company-product blank area is clicked (upgrade card only)","Analytics: PDP Desktop (GA3)","2026-09-10","passed","2026-09-10","","company products, widgets & chrome","",""
"","236","should fire hitArea tracking when pricing hint text is clicked (bubbling)","Analytics: Product Search (GA3)","2026-09-10","passed","2026-09-10","","product card tracking","",""
"","601","should fire company_details_items_click_direct_request on location contact click","Analytics: CPP Desktop (GA3)","2026-09-10","passed","2026-09-10","","profile & products","",""
"","139","should fire click_pdp_stickyTopBar_recommended_products on recommendations tab click","Analytics: PDP Mobile (GA3)","2026-09-10","passed","2026-09-10","","sticky top bar tabs","",""
"","294","should fire click tracking on portfolio product click","Analytics: Company Search (GA3)","2026-09-10","passed","2026-09-10","","company card tracking","",""
"","3813","should fire ai_cta_click with create_with_ai when Create with AI is clicked","Analytics: RFQ (GA3)","2026-09-10","passed","2026-09-10","","rfq_ai_tracking (DRG-581 treatment)","",""
"","41","should fire show_cpp_trendingProductsWidget on trending product card impression","Analytics: PDP Desktop (GA3)","2026-09-10","passed","2026-09-10","","company products, widgets & chrome","",""
"","2092","validates page_view on sign-in page","Analytics: Sign In / Sign Up (GA4)","2026-09-10","passed","2026-09-10","","page_view","",""
"","321","should fire click_pdp_otherCompanyProducts_paginate on next products click","Analytics: PDP Desktop (GA3)","2026-09-10","passed","2026-09-10","","company products, widgets & chrome","",""
"","9730","should track pageView → submit click → success pageView → show message → purchase KPI with consistent transaction_id and rfq_id","Analytics: RFQ (GA3)","2026-09-10","passed","2026-09-10","","rfq_create_submit_flow (gradual form → /rfq/create)","",""
"","81","should fire show_pdp_similarProductsWidget_shown on similar products widget impression","Analytics: PDP Desktop (GA3)","2026-09-10","passed","2026-09-10","","company products, widgets & chrome","",""
"","167","should fire click_contactForm_close on modal close","Analytics: PDP Desktop (GA3)","2026-09-10","passed","2026-09-10","","info section & gallery","",""
"","27","should fire click_exploration_connectBanner on connect banner CTA","Analytics: CPP Desktop (GA3)","2026-09-10","passed","2026-09-10","","profile & products","",""
"","139","should fire company_details_copy_click when opening company detail sheet","Analytics: CPP Mobile (GA3)","2026-09-10","passed","2026-09-10","","modules & product list","",""
"","239","should fire show_pdp_module_product_description on about-product impression","Analytics: PDP Mobile (GA3)","2026-09-10","passed","2026-09-10","","modules & chrome","",""
"","115","should fire click tracking on minimum order quantity click","Analytics: Product Search (GA3)","2026-09-10","passed","2026-09-10","","product card tracking","",""
"","55","should fire show tracking on contact button impression","Analytics: Company Search (GA3)","2026-09-10","passed","2026-09-10","","company card tracking","",""
"","92","should fire companyName tracking on company header area click (bubbling)","Analytics: Product Search (GA3)","2026-09-10","passed","2026-09-10","","product card tracking","",""
"","77","should fire show_pdp_stickyPanel_contactFormButton when sticky panel appears","Analytics: PDP Desktop (GA3)","2026-09-10","passed","2026-09-10","","company products, widgets & chrome","",""
"","2445","should fire company_card_show on card impression","Analytics: Company Search (GA3)","2026-09-10","passed","2026-09-10","","company card tracking","",""
"","322","should fire click_cpp_productCard_showContactForm on trending card contact click","Analytics: PDP Desktop (GA3)","2026-09-10","passed","2026-09-10","","company products, widgets & chrome","",""
"","15801","information section:: should fire show_contactForm → click_contact_page_message_send → messageTransaction_sent → show_directRequest_successPopup through the PDP info-section federated widget","Analytics: PDP – Direct Request Widget / QDR modal (GA3)","2026-09-10","passed","2026-09-10","","","",""
"","7190","should validate GA3 pageView","Analytics: Company Search (GA3)","2026-09-10","passed","2026-09-10","","page_view","",""
"","21138","should fire rewrite, undo, and feedback click events in the AI toolbar flow","Analytics: RFQ (GA3)","2026-09-10","passed","2026-09-10","","rfq_ai_tracking (DRG-581 treatment)","",""
"","159","should fire click tracking on portfolio button click","Analytics: Company Search (GA3)","2026-09-10","passed","2026-09-10","","company card tracking","",""
"","516","should fire click tracking on product name click","Analytics: Product Search (GA3)","2026-09-10","passed","2026-09-10","","product card tracking","",""
"","33","should fire show_cpp_wlwAppBanner on app scene banner impression","Analytics: CPP Mobile (GA3)","2026-09-10","passed","2026-09-10","","modules & product list","",""
"","21352","stycky panel should:: fire show_contactForm → click_contact_page_message_send → messageTransaction_sent → show_directRequest_successPopup through the CPP sticky panel federated widget","Analytics: PDP – Direct Request Widget / QDR modal (GA3)","2026-09-10","passed","2026-09-10","","","",""
"","111","should fire paginate_click on load-more products click","Analytics: CPP Mobile (GA3)","2026-09-10","passed","2026-09-10","","modules & product list","",""
"","259","should fire click_pdp_stickyTopBar_product_details on details tab click","Analytics: PDP Mobile (GA3)","2026-09-10","passed","2026-09-10","","sticky top bar tabs","",""
"","27","should fire show tracking on portfolio product impression","Analytics: Company Search (GA3)","2026-09-10","passed","2026-09-10","","company card tracking","",""
"","190","should fire company_card_click when description is clicked (bubbling to card)","Analytics: Company Search (GA3)","2026-09-10","passed","2026-09-10","","company card tracking","",""
"","225","should fire click_pdp_stickyTopBar_product_overview on overview tab click","Analytics: PDP Mobile (GA3)","2026-09-10","passed","2026-09-10","","sticky top bar tabs","",""
"","432","should fire click_pdp_infoSection_productImage on gallery image click","Analytics: PDP Desktop (GA3)","2026-09-10","passed","2026-09-10","","info section & gallery","",""
"","6597","should fire ai_cta_click with optimize_with_ai when Optimize with AI is clicked","Analytics: RFQ (GA3)","2026-09-10","passed","2026-09-10","","rfq_ai_tracking (DRG-581 treatment)","",""
"","1127","should fire click_login_appleButton on Apple button click","Analytics: Supplier Login (GA3)","2026-09-10","passed","2026-09-10","","Social Login buttons","",""
"","655","should fire show_cpp_productCard on company product card impression","Analytics: CPP Desktop (GA3)","2026-09-10","passed","2026-09-10","","profile & products","",""
"","34","should fire filter_chips_show on category filter chips impression","Analytics: CPP Mobile (GA3)","2026-09-10","passed","2026-09-10","","modules & product list","",""
"","632","should fire click tracking on product price click","Analytics: Product Search (GA3)","2026-09-10","passed","2026-09-10","","product card tracking","",""
"","17769","should fire show_contactForm → click_contact_page_message_send → messageTransaction_sent → show_directRequest_successPopup through the federated widget","Analytics: Company Search – Direct Request Widget / QDR modal (GA3)","2026-09-10","passed","2026-09-10","","","",""
"","338","should fire click_pdp_productCard_imageArrows on product-card image arrow click","Analytics: PDP Desktop (GA3)","2026-09-10","passed","2026-09-10","","company products, widgets & chrome","",""
"","16485","should fire show_contactForm → click_contact_page_message_send → messageTransaction_sent → show_directRequest_successPopup through the CPP product card federated widget","Analytics: CPP – Direct Request Widget / QDR modal (GA3)","2026-09-10","passed","2026-09-10","","","",""
"","233","should fire show_pdp_module_company_card on company section impression","Analytics: PDP Mobile (GA3)","2026-09-10","passed","2026-09-10","","modules & chrome","",""
"","222","should fire click tracking on contact button click","Analytics: Product Search (GA3)","2026-09-10","passed","2026-09-10","","product card tracking","",""
"","244","should fire show_pdp_productImage on gallery image impression","Analytics: PDP Mobile (GA3)","2026-09-10","passed","2026-09-10","","modules & chrome","",""
"","1855","should fire click_login_googleButton on Google button click","Analytics: Supplier Login (GA3)","2026-09-10","passed","2026-09-10","","Social Login buttons","",""
"","169","should fire filter_chips_apply when a category chip is clicked","Analytics: CPP Mobile (GA3)","2026-09-10","passed","2026-09-10","","modules & product list","",""
"","9042","should fire recommended_products_direct_request_click on mobile product contact","Analytics: CPP Mobile (GA3)","2026-09-10","passed","2026-09-10","","modules & product list","",""
"","1341","should fire profile_items_show on info-section contact impression","Analytics: CPP Desktop (GA3)","2026-09-10","passed","2026-09-10","","profile & products","",""
"","5076","should fire click_serp_maplayover_showContactForm on map overlay contact button click","Analytics: Company Search (GA3)","2026-09-10","passed","2026-09-10","","company card tracking","",""
"","145","should fire company_card_click on card hit area click","Analytics: Company Search (GA3)","2026-09-10","passed","2026-09-10","","company card tracking","",""
"","232","should fire show_pdp_module_product_specification on specification impression","Analytics: PDP Mobile (GA3)","2026-09-10","passed","2026-09-10","","modules & chrome","",""
"","172","should fire click tracking on product image click","Analytics: Product Search (GA3)","2026-09-10","passed","2026-09-10","","product card tracking","",""
"","20930","should fire show_contactForm → click_contact_page_message_send → messageTransaction_sent → show_directRequest_successPopup through the showroom product card federated widget","Analytics: Showroom – Direct Request Widget / QDR modal (GA3)","2026-09-10","passed","2026-09-10","","","",""
"","84","should fire show_cpp_wlwAppBanner on app scene banner impression","Analytics: CPP Desktop (GA3)","2026-09-10","passed","2026-09-10","","profile & products","",""
"","146","should fire companyName tracking when ResponseLabel is clicked (bubbling)","Analytics: Product Search (GA3)","2026-09-10","passed","2026-09-10","","product card tracking","",""
"","79","should fire image_enlarge on company images section impression","Analytics: CPP Desktop (GA3)","2026-09-10","passed","2026-09-10","","profile & products","",""
"","1916","should validate GA3 pageView on signIn","Analytics: Supplier Login (GA3)","2026-09-10","passed","2026-09-10","","Sign-in UV (signIn)","",""
"","118","should fire click_pdp_closeGallery on lightbox close","Analytics: PDP Desktop (GA3)","2026-09-10","passed","2026-09-10","","info section & gallery","",""
"","107","should fire show_cpp_productCard on mobile product card impression","Analytics: CPP Mobile (GA3)","2026-09-10","passed","2026-09-10","","modules & product list","",""
"","114","should fire show_cpp_productCategoriesSection on categories impression","Analytics: CPP Desktop (GA3)","2026-09-10","passed","2026-09-10","","profile & products","",""
"","16272","should fire show_contactForm → click_contact_page_message_send → messageTransaction_sent → show_directRequest_successPopup through the federated widget","Analytics: Direct Request Widget / QDR modal (GA3)","2026-09-10","passed","2026-09-10","","","",""
"","1883","should fire click_login_alibabaButton on Alibaba button click","Analytics: Supplier Login (GA3)","2026-09-10","passed","2026-09-10","","Social Login buttons","",""
"","142","should fire companyName tracking when VerifiedLabel is clicked (bubbling)","Analytics: Product Search (GA3)","2026-09-10","passed","2026-09-10","","product card tracking","",""
"","72","should fire show_cpp_productCard_contactFormButton on product card contact impression","Analytics: CPP Desktop (GA3)","2026-09-10","passed","2026-09-10","","profile & products","",""
"","237","should fire show_pdp_viewAllProductsButton on view-all link impression","Analytics: PDP Mobile (GA3)","2026-09-10","passed","2026-09-10","","modules & chrome","",""
"","327","should fire company_details_items_click_clickout on external link / phone / map","Analytics: CPP Desktop (GA3)","2026-09-10","passed","2026-09-10","","profile & products","",""
"","11342","should fire show_pdp_module_recommended_products on you-may-like impression","Analytics: PDP Mobile (GA3)","2026-09-10","passed","2026-09-10","","modules & chrome","",""
"","369","should fire mobile_company_modules_show on company products module","Analytics: CPP Mobile (GA3)","2026-09-10","passed","2026-09-10","","modules & product list","",""
"","35","should fire show tracking on portfolio button impression","Analytics: Company Search (GA3)","2026-09-10","passed","2026-09-10","","company card tracking","",""
"","199","should fire click tracking on product card hit area click","Analytics: Product Search (GA3)","2026-09-10","passed","2026-09-10","","product card tracking","",""
"","124","should fire click tracking on product description click","Analytics: Product Search (GA3)","2026-09-10","passed","2026-09-10","","product card tracking","",""
"","213","should fire click_productSerp_sponsoredBrand_showContactForm on contact button click","Analytics: Product Search (GA3)","2026-09-10","passed","2026-09-10","","sponsored brand tracking","",""
"","4204","should validate GA3 pageView","Analytics: Showroom (GA3)","2026-09-10","passed","2026-09-10","","","",""
"","160","should fire show_productSerp_sponsoredBrand on sponsored brand impression","Analytics: Product Search (GA3)","2026-09-10","passed","2026-09-10","","sponsored brand tracking","",""
"","174","should fire productImage tracking when SponsoredLabel is clicked (bubbling)","Analytics: Product Search (GA3)","2026-09-10","passed","2026-09-10","","product card tracking","",""
"","407","should fire click_serp_sponsoredBrand_showContactForm on contact button click","Analytics: Company Search (GA3)","2026-09-10","passed","2026-09-10","","sponsored brand tracking","",""
"","236","should fire show_pdp_module_company_products on other-company-products impression","Analytics: PDP Mobile (GA3)","2026-09-10","passed","2026-09-10","","modules & chrome","",""
"","175","should fire company_details_copy_click on read-more description","Analytics: CPP Desktop (GA3)","2026-09-10","passed","2026-09-10","","profile & products","",""
"","1390","should fire profile_items_show for sticky panel contact when bar slides in","Analytics: CPP Mobile (GA3)","2026-09-10","passed","2026-09-10","","sticky contact panel","",""
"","7977","should validate GA3 pageView with virtualPageTitle static_serp","Analytics: Static SERP — Company (GA3)","2026-09-10","passed","2026-09-10","","page_view","",""
"","1678","should fire click_pdp_stickyTopBar_company_card on company tab click","Analytics: PDP Mobile (GA3)","2026-09-10","passed","2026-09-10","","sticky top bar tabs","",""
"","646","should fire show_pdp_companyInfo_externalLink when company website link is visible","Analytics: PDP Desktop (GA3)","2026-09-10","passed","2026-09-10","","info section & gallery","",""
"","30","should fire show_cpp_viewMoreCompanyProductsButton on load-more impression","Analytics: CPP Mobile (GA3)","2026-09-10","passed","2026-09-10","","modules & product list","",""
"","31","should fire company_details_items_show from detail sheet content","Analytics: CPP Mobile (GA3)","2026-09-10","passed","2026-09-10","","modules & product list","",""
"","5983","should fire ai_banner_show with optimize_with_ai when description is filled manually","Analytics: RFQ (GA3)","2026-09-10","passed","2026-09-10","","rfq_ai_tracking (DRG-581 treatment)","",""
"","1792","validates login_click_social on Google button click","Analytics: Sign In / Sign Up (GA4)","2026-09-10","passed","2026-09-10","","social login","",""
"","281","should fire click tracking on contact button click","Analytics: Company Search (GA3)","2026-09-10","passed","2026-09-10","","company card tracking","",""
"","93","should fire show_cpp_productCategoriesSection on categories impression","Analytics: CPP Mobile (GA3)","2026-09-10","passed","2026-09-10","","modules & product list","",""
"","225","should fire show_pdp_infoSection_contactFormButton on info contact button impression","Analytics: PDP Mobile (GA3)","2026-09-10","passed","2026-09-10","","modules & chrome","",""
"","62","should fire retention_pop_up_show and retention_pop_up_click on external-link confirm","Analytics: CPP Mobile (GA3)","2026-09-10","passed","2026-09-10","","modules & product list","",""
"","17843","should fire show_contact_form → click_to_send → purchase → show_confirmation through the CPP company-details contact federated widget","Analytics: CPP – Direct Request Widget / QDR modal (GA3)","2026-09-10","passed","2026-09-10","","","",""
"","169","should fire show_exploration_trendingProductsWidget_shown on trending widget impression","Analytics: PDP Desktop (GA3)","2026-09-10","passed","2026-09-10","","company products, widgets & chrome","",""
"","16","should fire sort_show and sort_click via mobile sort chip","Analytics: CPP Mobile (GA3)","2026-09-10","passed","2026-09-10","","modules & product list","",""
"","30","should fire recommended_products_product_card_click on recommended card name/image","Analytics: CPP Desktop (GA3)","2026-09-10","passed","2026-09-10","","profile & products","",""
"","5167","should fire profile_items_show for sticky panel contact when scrolled","Analytics: CPP Desktop (GA3)","2026-09-10","passed","2026-09-10","","profile & products","",""
"","296","should fire click tracking on portfolio product name click","Analytics: Company Search (GA3)","2026-09-10","passed","2026-09-10","","company card tracking","",""
"","3876","should validate GA3 pageView","Analytics: CPP Desktop (GA3)","2026-09-10","passed","2026-09-10","","page_view","",""
"","102","should fire click tracking on company name click","Analytics: Product Search (GA3)","2026-09-10","passed","2026-09-10","","product card tracking","",""
"","284","should fire paginate_click on product image arrows or company images show-more","Analytics: CPP Desktop (GA3)","2026-09-10","passed","2026-09-10","","profile & products","",""
"","7671","should fire ai_banner_show with create_with_ai when the create banner is visible","Analytics: RFQ (GA3)","2026-09-10","passed","2026-09-10","","rfq_ai_tracking (DRG-581 treatment)","",""
"","200","should fire click tracking on more products card click","Analytics: Company Search (GA3)","2026-09-10","passed","2026-09-10","","company card tracking","",""
"","6357","should validate GA3 pageView on registration","Analytics: Supplier Login (GA3)","2026-09-10","passed","2026-09-10","","Registration page UV (registration)","",""
"","6597","validates register_show_form after entering new email","Analytics: Sign In / Sign Up (GA4)","2026-09-10","passed","2026-09-10","","registration form","",""
"","179","should fire company_details_items_click_company on VAT number click","Analytics: CPP Desktop (GA3)","2026-09-10","passed","2026-09-10","","profile & products","",""
